ticker	company	market_cap	connected_companies	connecting_directors	directors_3_plus_boards	largest_connected_mcap	connected_5000_plus	connected_10000_plus	cross_group_connections	has_3plus_board_director	has_5k_connection	has_10k_connection	has_cross_group	has_2plus_companies	has_2plus_directors
PREMIER	Premier Limited	8.5	4	2	1	27,338.13	2	2	1	1	1	1	1	1	1
INDIFRA	Indifra Limited	8.71	1	2	0	195	0	0	0	0	0	0	0	0	1
AVROIND	AVRO INDIA LIMITED	9	3	2	1	3,229.8	0	0	0	1	0	0	0	1	1
TVVISION	TV Vision Limited	9.9	1	1	1	392.3	0	0	0	1	0	0	0	0	0
SEL	Sungarner Energies Limited	10.5	2	2	0	232.3	0	0	0	0	0	0	0	1	1
ARENTERP	RAJDARSHAN INDUSTRIES LIMITED	10.9	1	2	0	30.9	0	0	0	0	0	0	0	0	1
GLOBALE	Globale Tessile Limited	11.2	2	6	4	185.9	0	0	0	1	0	0	0	1	1
MTEDUCARE	MT Educare Limited	12.6	3	5	1	473.9	0	0	0	1	0	0	0	1	1
BILVYAPAR	BIL VYAPAR LIMITED	13.2	3	1	1	2,521.1	0	0	0	1	0	0	0	1	0
DRSCARGO	DRS Cargo Movers Limited	16.42	1	2	0	162.67	0	0	0	0	0	0	0	0	1
FEL	Future Enterprises Limited	19.3	4	3	2	16,591.2	2	1	0	1	1	1	0	1	1
MFML	Mahalaxmi Fabric Mills Limited	20	2	6	4	185.9	0	0	0	1	0	0	0	1	1
CMRSL	Cyber Media Research & Services Limited	20.2	1	6	0	38	0	0	0	0	0	0	0	0	1
FLFL	FUTURE LIFESTYLE FASHIONS LIMITED	22.4	2	1	1	101.3	0	0	0	1	0	0	0	1	0
TREEHOUSE	Tree House Education & Accessories Limited	24	3	1	1	2,521.1	0	0	0	1	0	0	0	1	0
NEXTMEDIA	Next Mediaworks Limited	24.3	3	2	1	569.3	0	0	0	1	0	0	0	1	1
GSS	GSS Infotech Limited	26.6	2	1	1	48.4	0	0	0	1	0	0	0	1	0
TGBHOTELS	TGB Banquets And Hotels Limited	27.2	2	2	0	234.1	0	0	0	0	0	0	0	1	1
DNAMEDIA	Diligent Media Corporation Limited	28.5	3	1	1	232.3	0	0	0	1	0	0	0	1	0
ANKITMETAL	Ankit Metal & Power Limited	29.1	1	4	0	58.1	0	0	0	0	0	0	0	0	1
AKG	Akg Exim Limited	30.9	3	1	1	1,841.1	0	0	0	1	0	0	0	1	0
MADHAV	Madhav Marbles and Granites Limited	30.9	1	2	0	10.9	0	0	0	0	0	0	0	0	1
MOHITIND	Mohit Industries Limited	32.4	2	5	3	551	0	0	0	1	0	0	0	1	1
NAGREEKCAP	Nagreeka Capital & Infrastructure Limited	33.2	1	3	0	65.2	0	0	0	0	0	0	0	0	1
ASHOKAMET	Ashoka Metcast Limited	36.3	2	5	3	1326	0	0	0	1	0	0	0	1	1
CYBERMEDIA	Cyber Media (India) Limited	38	1	6	0	20.2	0	0	0	0	0	0	0	0	1
SVPGLOB	SVP GLOBAL TEXTILES LIMITED	39.6	3	1	1	232.3	0	0	0	1	0	0	0	1	0
CELEBRITY	Celebrity Fashions Limited	40	2	3	0	2,666.7	0	0	0	0	0	0	0	1	1
LFIC	Lakshmi Finance & Industrial Corporation Limited	40.2	5	2	1	15653	2	1	0	1	1	1	0	1	1
KLL	Kaushalya Logistics Limited	40.4	2	2	0	347.1	0	0	1	0	0	0	1	1	1
ADL	Archidply Decor Limited	40.4	1	2	0	203.6	0	0	0	0	0	0	0	0	1
HAVISHA	Sri Havisha Hospitality and Infrastructure Limited	41	3	1	1	655.5	0	0	0	1	0	0	0	1	0
HBSL	HB Stockholdings Limited	41	1	3	0	174.5	0	0	0	0	0	0	0	0	1
SONUINFRA	Sonu Infratech Limited	41.18	1	1	0	12,631.9	1	1	0	0	1	1	0	0	0
KARMAENG	Karma Energy Limited	41.2	2	5	1	624.2	0	0	0	1	0	0	0	1	1
SUPERSPIN	Super Spinning Mills Limited	42	1	1	0	8,952.2	1	0	0	0	1	0	0	0	0
BANG	Bang Overseas Limited	42.6	2	5	1	580.5	0	0	1	1	0	0	1	1	1
MASKINVEST	Mask Investments Limited	43.8	2	4	3	551	0	0	0	1	0	0	0	1	1
VIVIMEDLAB	Vivimed Labs Limited	47.3	2	1	1	48.4	0	0	0	1	0	0	0	1	0
AHLADA	Ahlada Engineers Limited	48.4	3	2	1	1,085.7	0	0	0	1	0	0	0	1	1
SHIVAMILLS	Shiva Mills Limited	50.6	4	3	1	8,952.2	1	0	0	1	1	0	0	1	1
TRU	TruCap Finance Limited	50.9	2	2	0	1,748.2	0	0	0	0	0	0	0	1	1
PALREDTEC	Palred Technologies Limited	51	3	2	1	7032	1	0	0	1	1	0	0	1	1
COUNCODOS	Country Condo's Limited	51.6	1	3	0	204.3	0	0	0	0	0	0	0	0	1
RKEC	RKEC Projects Limited	52.6	4	2	1	16,026.5	1	1	0	1	1	1	0	1	1
TNTELE	Tamilnadu Telecommunication Limited	52.8	2	2	0	7,367.6	1	0	0	0	1	0	0	1	1
AGRITECH	Agri-Tech (India) Limited	52.9	1	4	0	262.2	0	0	0	0	0	0	0	0	1
3PLAND	3P Land Holdings Limited	54.6	2	2	0	151.8	0	0	0	0	0	0	0	1	1
SECURKLOUD	SECUREKLOUD TECHNOLOGIES LIMITED	56.6	2	3	0	512.2	0	0	0	0	0	0	0	1	1
IMPEXFERRO	IMPEX FERRO TECH LTD	58.1	1	4	0	29.1	0	0	0	0	0	0	0	0	1
GATECHDVR	GACM Technologies Limited	60.7	1	6	1	116.2	0	0	0	1	0	0	0	0	1
IL&FSTRANS	IL&FS Transportation Networks Limited	61.5	8	5	3	57,787.72	1	1	3	1	1	1	1	1	1
PRAKASHSTL	Prakash Steelage Limited	62.5	2	1	1	148.1	0	0	0	1	0	0	0	1	0
CAPTRUST	Capital Trust Limited	62.7	2	1	1	7,845.8	1	0	0	1	1	0	0	1	0
UNIAUTO	Universal Autofoundry Ltd	64.7	2	1	1	4,866.2	0	0	0	1	0	0	0	1	0
NAGREEKEXP	Nagreeka Exports Limited	65.2	1	3	0	33.2	0	0	0	0	0	0	0	0	1
ODIGMA	Odigma Consultancy Solutions Limited	66	2	2	0	5,360.8	1	0	0	0	1	0	0	1	1
NOIDATOLL	Noida Toll Bridge Company Limited	66.3	3	3	1	518.6	0	0	0	1	0	0	0	1	1
KSR	KSR Footwear Limited	68.9	1	2	0	208.4	0	0	0	0	0	0	0	0	1
DIGIDRIVE	Digidrive Distributors Limited	69.3	2	3	0	9,497.2	1	0	0	0	1	0	0	1	1
SEMAC	Semac Construction Limited	75.4	4	4	2	16604	1	1	0	1	1	1	0	1	1
DUCON	Ducon Infratechnologies Limited	75.9	6	3	2	7,390.6	1	0	0	1	1	0	0	1	1
ACCORD	Accord Synergy Limited	76.8	1	1	0	5,994.4	1	0	0	0	1	0	0	0	0
HISARMETAL	Hisar Metal Industries Limited	77.8	3	2	1	856.6	0	0	0	1	0	0	0	1	1
PRAXIS	Praxis Home Retail Limited	81.2	3	1	1	10,402.72	2	1	0	1	1	1	0	1	0
LPDC	Landmark Property Development Company Limited	84.2	2	2	0	3712	0	0	1	0	0	0	1	1	1
PALASHSECU	Palash Securities Limited	84.5	3	4	1	721.1	0	0	0	1	0	0	0	1	1
GOYALALUM	Goyal Aluminiums Limited	84.6	2	1	1	1,841.1	0	0	0	1	0	0	0	1	0
ALKALI	Alkali Metals Limited	88.7	2	2	0	35,566.3	1	1	0	0	1	1	0	1	1
TATAYODOGA	Tayo Rolls	91.7	3	1	1	15,727.2	2	1	0	1	1	1	0	1	0
RAJSREESUG	Rajshree Sugars & Chemicals Limited	93.2	3	2	1	8,952.2	1	0	1	1	1	0	1	1	1
SADBHIN	Sadbhav Infrastructure Project Limited	93.3	4	5	1	439.8	0	0	0	1	0	0	0	1	1
LOYALTEX	Loyal Textile Mills Limited	99.7	1	1	0	2,36,245.7	1	1	0	0	1	1	0	0	0
EMKAYTOOLS	Emkay Taps and Cutting Tools Limited	99.78	1	2	0	1,125.82	0	0	0	0	0	0	0	0	1
AMDIND	AMD Industries Limited	99.8	2	1	1	5,021.2	1	0	0	1	1	0	0	1	0
ARTNIRMAN	Art Nirman Limited	99.8	2	1	1	665.37	0	0	0	1	0	0	0	1	0
FELDVR	Future Enterprises Limited	101.3	4	3	2	16,591.2	2	1	0	1	1	1	0	1	1
SIL	Standard Industries Limited	101.3	2	2	0	5259	1	0	0	0	1	0	0	1	1
THACKER	Thacker & Company Limited	102.8	2	2	2	911.5	0	0	0	1	0	0	0	1	1
SAMBHAAV	Sambhaav Media Limited	103.2	3	2	1	1,934.9	0	0	0	1	0	0	0	1	1
DIGJAMLMTD	Digjam Limited	103.28	6	3	2	16,026.5	1	1	0	1	1	1	0	1	1
SHEKHAWATI	Shekhawati Industries Limited	103.8	2	1	1	148.1	0	0	0	1	0	0	0	1	0
READYMIX	Readymix Construction Machinery Limited	105.64	2	2	0	3,135.6	0	0	0	0	0	0	0	1	1
SHYAMCENT	Shyam Century Ferrous Limited	106.1	3	4	0	14,806.7	3	1	0	0	1	1	0	1	1
WEIZMANIND	Weizmann Limited	110.7	2	5	1	624.2	0	0	0	1	0	0	0	1	1
INDBANK	Indbank Merchant Banking Services Limited	111.4	2	2	0	1,13,279.7	1	1	1	0	1	1	1	1	1
DHARNI	DHARNI CAPITAL SERVICES LIMITED	112.5	1	2	0	6,685.5	1	0	0	0	1	0	0	0	1
INDIANCARD	Indian Card Clothing Company Limited	112.8	2	1	1	2,354.2	0	0	0	1	0	0	0	1	0
GANGESSECU	Ganges Securities Limited	114	3	4	0	1,533.7	0	0	0	0	0	0	0	1	1
GATECH	GACM Technologies Limited	116.2	1	6	1	60.7	0	0	0	1	0	0	0	0	1
SADBHAV	Sadbhav Engineering Limited	116.7	4	5	1	439.8	0	0	0	1	0	0	0	1	1
DEVIT	Dev Information Technology Limited	119.1	4	2	1	4951	0	0	0	1	0	0	0	1	1
SURANASOL	Surana Solar Limited	119.6	2	3	1	1,348.7	0	0	0	1	0	0	0	1	1
TICL	Twamev Construction and Infrastructure Limited	120.7	2	2	0	1,732.8	0	0	0	0	0	0	0	1	1
HECPROJECT	HEC Infra Projects Limited	121.2	2	1	1	665.37	0	0	0	1	0	0	0	1	0
BSL	BSL Limited	121.4	8	5	3	14,000.5	4	2	0	1	1	1	0	1	1
SAMPANN	Sampann Utpadan India Limited	123.1	2	1	1	3,544.3	0	0	0	1	0	0	0	1	0
BALAXI	BALAXI PHARMACEUTICALS LIMITED	123.3	2	1	1	2,532.8	0	0	0	1	0	0	0	1	0
LAGNAM	Lagnam Spintex Ltd.	126.6	4	2	2	14,967.4	2	2	0	1	1	1	0	1	1
JOCIL	Jocil Limited	128.3	1	4	0	1,234.2	0	0	0	0	0	0	0	0	1
KAMOPAINTS	Kamdhenu Ventures (Komo Paints)	135.5	2	5	0	1,997.8	0	0	0	0	0	0	0	1	1
TIPSFILMS	Tips Films Limited	135.5	4	3	1	8,191.6	1	0	1	1	1	0	1	1	1
WIPL	The Western India Plywoods Limited	136.6	4	2	2	15,584.5	1	1	0	1	1	1	0	1	1
MAHAPEXLTD	Maha Rashtra Apex Corporation Limited	141.2	2	1	1	5,165.9	1	0	0	1	1	0	0	1	0
LAL	Lorenzini Apparels Limited	146	2	2	1	962	0	0	0	1	0	0	0	1	1
RELIABLE	Reliable Data Services Limited	146.5	2	2	0	195	0	0	0	0	0	0	0	1	1
LANDSMILL	Landsmill Green Limited	148.1	2	1	1	103.8	0	0	0	1	0	0	0	1	0
DGCONTENT	Digicontent Ltd.	148.5	8	5	3	15,827.6	2	2	0	1	1	1	0	1	1
INDTERRAIN	Indian Terrain Fashions Limited	149.5	1	2	0	40	0	0	0	0	0	0	0	0	1
BYKE	The Byke Hospitality Ltd	151.3	3	1	1	16,026.5	1	1	0	1	1	1	0	1	0
AMJLAND	Amj Land Holdings Limited	151.8	6	6	3	7,268.8	2	0	0	1	1	0	0	1	1
INFOLLION	Infollion Research Services Limited	153.95	1	1	0	13,313.7	1	1	0	0	1	1	0	0	0
CENTEXT	Century Extrusions Limited	161.6	1	1	0	268.9	0	0	1	0	0	0	1	0	0
DRSDILIP	DRS Dilip Roadlines Limited	162.67	1	2	0	16.42	0	0	0	0	0	0	0	0	1
DTIL	Dhunseri Tea & Industries Limited	167.9	6	5	2	87,604.06	2	2	1	1	1	1	1	1	1
SHAHALLOYS	Shah Alloys Limited	169.1	5	4	1	1,446.2	0	0	0	1	0	0	0	1	1
DELPHIFX	DELPHI WORLD MONEY LIMITED	169.2	4	3	1	45,798.7	3	2	0	1	1	1	0	1	1
NATCAPSUQ	Natural Capsules Limited	169.7	6	2	2	15,827.6	3	2	2	1	1	1	1	1	1
HBESD	HB Estate Developers Limited	174.5	1	3	0	41	0	0	0	0	0	0	0	0	1
BCONCEPTS	Brand Concepts Limited	174.8	2	1	1	6,675.18	2	0	0	1	1	0	0	1	0
PILITA	PIL ITALICA LIFESTYLE LIMITED	174.8	2	1	1	7,390.6	1	0	0	1	1	0	0	1	0
SURYALA	Suryalata Spinning Mills Limited	175	2	2	0	873.6	0	0	0	0	0	0	0	1	1
BASML	Bannari Amman Spinning Mills Limited	181.1	6	4	1	8,952.2	2	0	1	1	1	0	1	1	1
AERONEU	Aeroflex Neu Limited	182	2	2	2	6,899.1	1	0	0	1	1	0	0	1	1
ZODIACLOTH	Zodiac Clothing Company Limited	183.1	10	3	3	5,89,929.2	7	7	0	1	1	1	0	1	1
EMAPARTNER	EMA Partners India Limited	184.68	2	1	1	5555	1	0	0	1	1	0	0	1	0
MHLXMIRU	Mahalaxmi Rubtech Limited	185.9	4	5	5	1,934.9	0	0	0	1	0	0	0	1	1
ASPINWALL	Aspinwall and Company Limited	187.7	4	2	1	35,566.3	4	2	0	1	1	1	0	1	1
ABANSENT	Abans Enterprises Limited	189.6	6	3	3	1,02,560.1	1	1	1	1	1	1	1	1	1
ROSSELLIND	Rossell India Limited	190	7	3	2	18,139.19	5	2	1	1	1	1	1	1	1
AIRAN	Airan Limited	195	3	4	0	146.5	0	0	0	0	0	0	0	1	1
USHAFIN	Usha Financial Services Limited	195.64	1	2	0	1,081.7	0	0	0	0	0	0	0	0	1
NECLIFE	Nectar Lifesciences Limited	198.3	1	2	0	350.7	0	0	0	0	0	0	0	0	1
SIGIND	Signet Industries Limited	198.4	2	1	1	350.2	0	0	0	1	0	0	0	1	0
NOVAAGRI	Nova Agritech Limited	200.3	3	2	1	6,649.3	1	0	0	1	1	0	0	1	1
COMFINTE	COMFORT INTECH LIMITED	200.9	3	1	1	2,521.1	0	0	0	1	0	0	0	1	0
TTL	T T Limited	203.3	2	1	1	757.2	0	0	0	1	0	0	0	1	0
SICAGEN	Sicagen India Limited	203.4	4	5	3	1,344.2	0	0	0	1	0	0	0	1	1
ARCHIDPLY	Archidply Industries Limited	203.6	1	2	0	40.4	0	0	0	0	0	0	0	0	1
RADIOCITY	Music Broadcast Limited	203.8	3	4	1	7500	2	0	0	1	1	0	0	1	1
CCHHL	Country Club Hospitality & Holidays Limited	204.3	1	3	0	51.6	0	0	0	0	0	0	0	0	1
BALAJEE	Shree Tirupati Balajee Agro Trading Company Limited	205.6	2	2	0	336.32	0	0	0	0	0	0	0	1	1
ZEELEARN	Zee Learn Limited	207.3	2	4	1	473.9	0	0	0	1	0	0	0	1	1
KHADIM	Khadim India Limited	208.4	1	2	0	68.9	0	0	0	0	0	0	0	0	1
UNITEDTEA	The United Nilgiri Tea Estates Company Limited	208.4	2	1	1	25808	2	2	0	1	1	1	0	1	0
VSTL	Vibhor Steel Tubes Limited	209.1	3	2	1	1,703.1	0	0	0	1	0	0	0	1	1
NEAGI	Neelamalai Agro Industries Limited	209.6	2	3	2	1,790.8	0	0	0	1	0	0	0	1	1
SAKHTISUG	Sakthi Sugars Limited	210.1	1	1	0	6,558.2	1	0	0	0	1	0	0	0	0
TEAMGTY	Team India Guaranty Ltd	211.4	5	2	2	4,725.3	0	0	0	1	0	0	0	1	1
SMARTLINK	Smartlink Holdings Limited	211.8	2	2	0	564.2	0	0	0	0	0	0	0	1	1
KOTARISUG	Kothari Sugars And Chemicals Limited	213	1	3	0	744.9	0	0	0	0	0	0	0	0	1
SURANAT&P	Surana Telecom and Power Limited	215.9	2	3	1	1,348.7	0	0	0	1	0	0	0	1	1
UFO	UFO Moviez India Limited	223	9	3	3	1,00,673.98	5	4	0	1	1	1	0	1	1
VIKASLIFE	Vikas Lifecare Limited	224.8	2	3	0	169.2	0	0	0	0	0	0	0	1	1
CALSOFT	California Software Company Limited	225.7	1	2	0	56.6	0	0	0	0	0	0	0	0	1
SHIVAMAUTO	Shivam Autotech Limited	225.7	3	4	1	1,308.7	0	0	1	1	0	0	1	1	1
WORTHPERI	Worth Peripherals Limited	230.1	2	1	1	350.2	0	0	0	1	0	0	0	1	0
BTTL	BHILWARA TECHNICAL TEXTILES LIMITED	230.6	7	4	3	14,000.5	1	1	0	1	1	1	0	1	1
IVP	IVP Limited	231.8	2	1	1	25316	1	1	0	1	1	1	0	1	0
NATIONSTD	NATIONAL STANDARD (INDIA) LIMITED	232.3	4	2	1	75.9	0	0	0	1	0	0	0	1	1
VMSTMT	VMS TMT Limited	234.1	4	4	0	4,593.9	0	0	0	0	0	0	0	1	1
SPENCERS	Spencer's Retail Limited	234.4	15	6	5	1,78,377.99	9	6	0	1	1	1	0	1	1
NIPPOBATRY	Indo-National Limited	234.8	4	1	1	2,84,831.31	2	2	0	1	1	1	0	1	0
AHLEAST	Asian Hotels (East) Limited	235.2	5	4	2	12,880.4	1	1	1	1	1	1	1	1	1
EQUIPPP	Equippp Social Impact Technologies Limited	236.1	7	4	2	3,81,316.6	5	3	0	1	1	1	0	1	1
CHEMBOND	Chembond Material Technologies Limited	236.7	1	2	0	580.5	0	0	0	0	0	0	0	0	1
SHIVATEX	Shiva Texyarn Limited	237.1	6	3	2	39,363.3	3	1	0	1	1	1	0	1	1
RVTH	Revathi Equipment India Limited	238.9	2	3	1	2,302.7	0	0	0	1	0	0	0	1	1
LANCORHOL	Lancor Holdings Limited	239	4	4	0	4,542.2	0	0	0	0	0	0	0	1	1
MARALOVER	Maral Overseas Limited	239.9	10	6	3	29,354.4	3	2	0	1	1	1	0	1	1
JAYSREETEA	Jayshree Tea & Industries Limited	240	8	3	2	17,304.8	3	1	0	1	1	1	0	1	1
COASTCORP	Coastal Corporation Limited	241.1	3	1	1	1,05,199.08	2	1	0	1	1	1	0	1	0
NDGL	Naga Dhunseri Group Limited	241.1	10	4	4	87,604.06	4	3	0	1	1	1	0	1	1
GILLANDERS	Gillanders Arbuthnot & Company Limited	241.2	3	3	1	4,296.9	0	0	0	1	0	0	0	1	1
SHRADHA	Shradha Realty Limited	242.1	3	3	1	1,02,560.1	1	1	0	1	1	1	0	1	1
STARPAPER	Star Paper Mills Limited	242.6	3	3	0	3,342.8	0	0	0	0	0	0	0	1	1
BIMETAL	Bimetal Bearings Limited	244.8	3	1	1	67,274.9	2	2	0	1	1	1	0	1	0
DSFCL	DCM Shriram Fine Chemicals Limited	245.7	6	5	2	24830	3	3	1	1	1	1	1	1	1
IVC	IL&FS Investment Managers Limited	247.8	2	2	0	518.6	0	0	0	0	0	0	0	1	1
DAICHI	DAI-ICHI KARKARIA LIMITED	248.1	2	2	0	2117	0	0	0	0	0	0	0	1	1
PLAZACABLE	Plaza Wires Limited	249.4	5	4	2	1,841.1	0	0	0	1	0	0	0	1	1
A2ZINFRA	A2Z Infra Engineering Limited	255.6	1	1	0	7,246.7	1	0	0	0	1	0	0	0	0
NILAINFRA	Nila Infrastructures Limited	256	2	2	0	441.9	0	0	0	0	0	0	0	1	1
CPCAP	CP Capital Limited	256.2	1	2	0	324.4	0	0	0	0	0	0	0	0	1
RNBDENIMS	R&B Denims Limited	258.5	2	5	1	23084	1	1	0	1	1	1	0	1	1
NATHBIOGEN	Nath Bio-Genes (India) Limited	262.2	2	5	0	8,786.7	1	0	0	0	1	0	0	1	1
SUNDRMBRAK	Sundaram Brake Linings Limited	263.6	4	2	2	5,747.4	1	0	0	1	1	0	0	1	1
ELGIRUBCO	Elgi Rubber Company Limited	265.3	1	2	0	18,430.6	1	1	0	0	1	1	0	0	1
MAHEPC	Mahindra EPC Irrigation Limited	267.8	3	2	1	1,08,640.6	2	2	0	1	1	1	0	1	1
PRITIKAUTO	Pritika Auto Industries Limited	268.9	2	2	0	161.6	0	0	1	0	0	0	1	1	1
GENUSPAPER	Genus Paper & Boards Limited	271.3	1	2	0	7,744.8	1	0	0	0	1	0	0	0	1
ACTIVEINFR	Active Infrastructures Limited	272.15	1	2	0	242.1	0	0	0	0	0	0	0	0	1
TIGERLOGS	Tiger Logistics (India) Limited	272.6	4	1	1	3,005.5	0	0	0	1	0	0	0	1	0
RHL	Robust Hotels Limited	280.1	2	2	1	4,783.6	0	0	0	1	0	0	0	1	1
HALDER	Halder Venture Limited	283.7	1	1	0	5,202.2	1	0	0	0	1	0	0	0	0
AMBALALSA	Ambalal Sarabhai Enterprises Limited	290.4	1	1	0	10,548.1	1	1	0	0	1	1	0	0	0
AXITA	Axita Cotton Limited	290.8	2	2	0	286.5	0	0	0	0	0	0	0	1	1
MERCANTILE	Mercantile Ventures Limited	291.6	4	2	2	1,344.2	0	0	0	1	0	0	0	1	1
ATLANTAA	ATLANTAA LIMITED	293.3	2	1	1	2,411.6	0	0	0	1	0	0	0	1	0
TAMBOLIIN	TAMBOLI INDUSTRIES LIMITED	294.6	3	1	1	3,900.9	0	0	0	1	0	0	0	1	0
LYKALABS	Lyka Labs Limited	294.8	4	3	1	49,627.1	2	1	0	1	1	1	0	1	1
MOS	Mos Utility Limited	295.49	3	2	1	690.42	0	0	0	1	0	0	0	1	1
ASHIMASYN	Ashima Limited	296.7	5	4	1	35,689.4	3	2	0	1	1	1	0	1	1
APOLSINHOT	Apollo Sindoori Hotels Limited	300.6	4	1	1	2,84,831.31	2	2	0	1	1	1	0	1	0
ESFL	Essen Speciality Films Limited	302.91	1	2	0	950.7	0	0	0	0	0	0	0	0	1
SHANKARA	Shankara Building Products Limited	304.2	1	5	0	3,029.2	0	0	0	0	0	0	0	0	1
AKSHARCHEM	AksharChem India Limited	304.5	4	4	0	7,232.8	1	0	1	0	1	0	1	1	1
DBEIL	Deepak Builders & Engineers India Limited	304.6	4	1	1	8,863.3	2	0	0	1	1	0	0	1	0
DCMNVL	DCM Nouvelle Limited	310.1	3	3	0	15,507.3	1	1	1	0	1	1	1	1	1
HPAL	HP Adhesives Limited	312	1	1	0	7646	1	0	0	0	1	0	0	0	0
DIGISPICE	DiGiSPICE Technologies Limited	312.7	7	4	3	86,401.9	3	3	0	1	1	1	0	1	1
UCAL	UCAL LIMITED	312.7	5	2	2	9,07,369.7	2	2	0	1	1	1	0	1	1
DAMODARIND	Damodar Industries Limited	313.3	2	1	1	1363	0	0	0	1	0	0	0	1	0
CLEDUCATE	CL Educate Limited	314.3	2	1	1	6,687.4	1	0	0	1	1	0	0	1	0
PONNIERODE	Ponni Sugars (Erode) Limited	319.4	3	3	1	2029	0	0	0	1	0	0	0	1	1
CLAYCRAFT	Clay Craft India Limited	319.87	2	2	0	2074	0	0	0	0	0	0	0	1	1
TREJHARA	TREJHARA SOLUTIONS LIMITED	320.8	1	2	0	3,269.9	0	0	0	0	0	0	0	0	1
KRITI	Kriti Industries (India) Limited	322.8	3	5	1	2,666.7	0	0	0	1	0	0	0	1	1
BELLACASA	Bella Casa Fashion & Retail Limited	322.9	3	2	1	7,845.8	1	0	0	1	1	0	0	1	1
CPEDU	Career Point Edutech Limited	324.4	1	2	0	256.2	0	0	0	0	0	0	0	0	1
PKTEA	The Peria Karamalai Tea & Produce Company Limited	325.1	1	2	0	543	0	0	0	0	0	0	0	0	1
OMFREIGHT	Om Freight Forwarders Limited	326.7	2	1	1	1,670.8	0	0	0	1	0	0	0	1	0
DREAMFOLKS	Dreamfolks Services Limited	328	7	3	3	74,691.5	3	2	0	1	1	1	0	1	1
DCMSRIND	Dcm Shriram Industries Limited	329.6	9	4	4	1,16,947.2	5	3	3	1	1	1	1	1	1
PPAP	PPAP Automotive Limited	331	4	2	1	7,103.3	1	0	0	1	1	0	0	1	1
KRITINUT	Kriti Nutrients Limited	332.3	4	6	1	2,666.7	0	0	0	1	0	0	0	1	1
INSPIRISYS	Inspirisys Solutions Limited	332.7	1	1	0	8,466.9	1	0	0	0	1	0	0	0	0
ALMONDZ	Almondz Global Securities Limited	334.2	2	3	1	4,815.7	0	0	0	1	0	0	0	1	1
KESORAMIND	Kesoram Industries Limited	335.5	4	3	1	2,411.6	0	0	0	1	0	0	0	1	1
ABMKNO	ABM Knowledgeware Limited	336.2	2	2	0	17,255.8	1	1	0	0	1	1	0	1	1
HARRMALAYA	Harrisons  Malayalam Limited	336.4	9	4	1	12,649.8	3	1	2	1	1	1	1	1	1
RUBFILA	Rubfila International Limited	341.9	2	2	1	1,351.6	0	0	0	1	0	0	0	1	1
KALYANIFRG	Kalyani Forge Limited	342.7	1	1	0	33,581.27	1	1	0	0	1	1	0	0	0
GINNIFILA	Ginni Filaments Limited	343.5	3	2	1	98,856.5	2	1	0	1	1	1	0	1	1
DEVX	Dev Accelerator Limited	345.4	3	2	1	427.9	0	0	0	1	0	0	0	1	1
ORIENTPPR	Orient Paper & Industries Limited	346.9	3	1	1	7,543.5	1	0	0	1	1	0	0	1	0
IGCL	Indogulf Cropsciences Limited	347.1	2	2	0	43.3	0	0	0	0	0	0	0	1	1
EMAMIREAL	Emami Realty Limited	348.7	6	2	2	14,806.7	2	1	2	1	1	1	1	1	1
TRANSWORLD	TRANSWORLD SHIPPING LINES LIMITED	349.1	5	2	1	13,840.4	3	1	0	1	1	1	0	1	1
VIJIFIN	Viji Finance Limited	350.2	2	1	1	230.1	0	0	0	1	0	0	0	1	0
NURECA	Nureca Limited	350.7	4	3	1	2,28,778.9	3	2	0	1	1	1	0	1	1
VARDHACRLC	Vardhman Acrylics Limited	356.7	5	5	3	15,320.5	1	1	0	1	1	1	0	1	1
BANSWRAS	Banswara Syntex Limited	359.8	5	3	2	15,320.5	2	2	0	1	1	1	0	1	1
AVONMORE	Avonmore Capital & Management Services  Limited	360.9	2	3	1	4,815.7	0	0	0	1	0	0	0	1	1
EUROBOND	Euro Panel Products Limited	363.3	2	1	1	1,589.4	0	0	0	1	0	0	0	1	0
FOCUS	Focus Lighting and Fixtures Limited	363.7	1	1	0	6,652.8	1	0	0	0	1	0	0	0	0
NDL	Nandan Denim Limited	366.1	6	2	2	11,667.7	1	1	0	1	1	1	0	1	1
MBLINFRA	MBL Infrastructure Limited	366.3	2	2	0	17,206.52	1	1	0	0	1	1	0	1	1
ACL	Andhra Cements Limited	368.6	2	6	1	1,960.7	0	0	0	1	0	0	0	1	1
GOACARBON	Goa Carbon Limited	371.5	11	5	3	106774	10	6	0	1	1	1	0	1	1
NILE	Nile Limited	372.2	4	1	1	15653	2	1	0	1	1	1	0	1	0
MONEYBOXX	Moneyboxx Finance Limited	377	1	1	0	6,734.96	1	0	0	0	1	0	0	0	0
MAJESAUT	Majestic Auto Limited	381	2	1	1	43,020.3	1	1	0	1	1	1	0	1	0
BIRLAPREC	Birla Precision Technologies Limited	382.7	2	2	0	1,550.5	0	0	0	0	0	0	0	1	1
MIRZAINT	Mirza International Limited	383.9	1	2	0	6,792.9	1	0	0	0	1	0	0	0	1
DAVANGERE	Davangere Sugar Company Limited	386.7	2	1	1	1,841.1	0	0	0	1	0	0	0	1	0
BATLIBOI	Batliboi Limited	388.9	6	4	1	17,434.1	3	2	0	1	1	1	0	1	1
AEPL	Artemis Electricals and Projects Limited	389.4	3	4	1	9,398.4	1	0	0	1	1	0	0	1	1
VINYLINDIA	Vinyl Chemicals (India) Limited	391	5	6	1	1,76,319.9	3	2	1	1	1	1	1	1	1
MANAKSIA	Manaksia Limited	392.2	1	5	0	713.6	0	0	0	0	0	0	0	0	1
AQYLON	Aqylon Nexus Limited	392.3	1	1	1	9.9	0	0	0	1	0	0	0	0	0
MANORG	Mangalam Organics Limited	394	1	1	0	6,561.1	1	0	0	0	1	0	0	0	0
VISHNUINFR	Vishnusurya Projects and Infra Limited	395.49	3	1	1	14,320.1	1	1	0	1	1	1	0	1	0
LORDSCHLO	Lords Chloro Alkali Limited	398.3	2	1	1	5,021.2	1	0	0	1	1	0	0	1	0
NAHARCAP	Nahar Capital and Financial Services Limited	399.7	4	10	8	1,083.9	0	0	0	1	0	0	0	1	1
REMSONSIND	Remsons Industries Limited	399.8	3	1	1	2,006.2	0	0	0	1	0	0	0	1	0
NEPTUNE	Neptune Petrochemicals Limited	405.61	2	1	1	4,321.9	0	0	0	1	0	0	0	1	0
WSI	W S Industries (I) Limited	409.3	3	2	1	9,748.7	1	0	0	1	1	0	0	1	1
AARTISURF	Aarti Surfactants Limited	417.2	3	2	1	8,288.1	1	0	2	1	1	0	1	1	1
NDLVENTURE	NDL Ventures Limited	419.2	8	3	2	98,856.5	5	3	3	1	1	1	1	1	1
GUJAPOLLO	Gujarat Apollo Industries Limited	420.2	3	2	1	427.9	0	0	0	1	0	0	0	1	1
SINGERIND	Singer India Limited	427.57	10	5	2	30,796.9	6	6	0	1	1	1	0	1	1
ZODIAC	Zodiac Energy Limited	427.9	6	3	2	4,321.9	0	0	0	1	0	0	0	1	1
MEDICAMEQ	Medicamen Biotech Limited	432.7	1	10	0	638.6	0	0	0	0	0	0	0	0	1
ADVANIHOTR	Advani Hotels & Resorts (India) Limited	434.3	4	3	1	62,063.3	2	2	0	1	1	1	0	1	1
REPRO	Repro India Limited	437.2	6	1	1	88,389.8	5	2	0	1	1	1	0	1	0
ASAHISONG	Asahi Songwon Colors Limited	437.6	13	7	4	21,646.9	6	3	3	1	1	1	1	1	1
RKSWAMY	R K Swamy Limited	438.6	3	2	1	1,12,203.9	3	3	0	1	1	1	0	1	1
RAMANEWS	Shree Rama Newsprint Limited	439.8	6	3	1	3,135.1	0	0	0	1	0	0	0	1	1
OSWALAGRO	Oswal Agro Mills Limited	441.4	1	5	0	494.4	0	0	0	0	0	0	0	0	1
MCLEODRUSS	Mcleod Russel India Limited	444	3	3	1	2,982.7	0	0	0	1	0	0	0	1	1
ABCOTS	A B Cotspin India Limited	446	2	1	1	26,940.1	2	2	0	1	1	1	0	1	0
ENIL	Entertainment Network (India) Limited	448.1	7	2	1	2,16,878.1	7	7	0	1	1	1	0	1	1
THOMASCOTT	Thomas Scott (India) Limited	448.6	2	5	1	580.5	0	0	1	1	0	0	1	1	1
SILINV	SIL Investments Limited	449.3	6	4	2	15998	1	1	1	1	1	1	1	1	1
HALEOSLABS	Haleos Labs Limited	450.5	2	2	0	4,328.1	0	0	0	0	0	0	0	1	1
KAYA	Kaya Limited	452.7	17	8	5	1,86,247.12	13	9	5	1	1	1	1	1	1
MUFTI	Credo Brands Marketing Limited	459.3	1	1	0	5,566.5	1	0	0	0	1	0	0	0	0
SIGMA	Sigma Solve Limited	462.5	2	2	0	7,390.6	1	0	0	0	1	0	0	1	1
IRIS	IRIS RegTech Solutions Limited	463	2	1	1	9013	2	0	0	1	1	0	0	1	0
CHEMFAB	Chemfab Alkalis Limited	467.1	3	2	1	6,329.5	1	0	0	1	1	0	0	1	1
SUKHJITS	Sukhjit Starch & Chemicals Ltd.	471.8	2	2	0	2493	0	0	0	0	0	0	0	1	1
ZEEMEDIA	Zee Media Corporation Limited	473.9	7	3	2	3,005.5	0	0	0	1	0	0	0	1	1
THEINVEST	Investment Trust of India Limited	474.9	7	3	1	57,787.72	2	2	0	1	1	1	0	1	1
KHAICHEM	Khaitan Chemicals & Fertilizers Limited	477.4	4	1	1	966.5	0	0	1	1	0	0	1	1	0
URJA	Urja Global Limited	479.2	2	1	1	3,229.8	0	0	0	1	0	0	0	1	0
PENINLAND	Peninsula Land Limited	484.3	3	4	0	8907	2	0	0	0	1	0	0	1	1
ALBERTDAVD	Albert David Limited	488.9	6	5	2	14,806.7	1	1	2	1	1	1	1	1	1
OSWALGREEN	Oswal Greentech Limited	494.4	1	5	0	441.4	0	0	0	0	0	0	0	0	1
MUNJALSHOW	Munjal Showa Limited	498.1	6	5	2	93,808.9	2	2	0	1	1	1	0	1	1
PTL	PTL Enterprises Limited	501.3	2	4	3	25,603.7	2	1	0	1	1	1	0	1	1
SAAKSHI	Saakshi Medtech and Panels Limited	504.43	3	1	1	10,681.8	1	1	0	1	1	1	0	1	0
APTECHT	Aptech Limited	504.8	9	5	2	29,964.84	5	3	0	1	1	1	0	1	1
3IINFOLTD	3i Infotech Limited	505.3	5	3	2	2,53,941.7	4	2	2	1	1	1	1	1	1
SCHAND	S Chand And Company Limited	506.4	8	2	2	8604	3	0	0	1	1	0	0	1	1
HERCULES	Hercules Hoists Limited	508.8	9	4	4	1,76,319.9	3	3	3	1	1	1	1	1	1
INTLCONV	International Conveyors Limited	512.2	3	3	0	2,954.2	0	0	0	0	0	0	0	1	1
HTMEDIA	HT Media Limited	513.5	22	9	7	4,28,616.2	13	12	6	1	1	1	1	1	1
LINC	Linc Limited	515	7	3	1	16,069.9	2	2	0	1	1	1	0	1	1
MGEL	Mangalam Global Enterprise Limited	516.7	3	6	1	21,201.6	1	1	0	1	1	1	0	1	1
IL&FSENGG	IL&FS Engineering and Construction Company Limited	518.6	4	4	2	2,212.6	0	0	1	1	0	0	1	1	1
CEWATER	Concord Enviro Systems Limited	524.5	1	1	0	391	0	0	1	0	0	0	1	0	0
SAYAJIHOTL	Sayaji Hotels Limited	532.5	1	4	0	2,710.9	0	0	0	0	0	0	0	0	1
UNIVPHOTO	Universus Photo Imagings Limited	536.4	2	4	1	2,882.9	0	0	0	1	0	0	0	1	1
TPLPLASTEH	TPL Plastech Limited	537.4	1	3	0	8,869.6	1	0	0	0	1	0	0	0	1
KIRANVYPAR	Kiran Vyapar Limited	543	4	3	1	27,338.13	1	1	0	1	1	1	0	1	1
NBIFIN	N. B. I. Industrial Finance Company Limited	549	7	4	1	87,604.06	4	2	0	1	1	1	0	1	1
BIGBLOC	Bigbloc Construction Limited	551	2	4	3	43.8	0	0	0	1	0	0	0	1	1
NAHARINDUS	Nahar Industrial Enterprises Limited	551.9	4	10	8	1,083.9	0	0	0	1	0	0	0	1	1
NAHARPOLY	Nahar Poly Films Limited	554.8	4	9	8	1,083.9	0	0	0	1	0	0	0	1	1
DICIND	DIC India Limited	563.3	4	3	1	58,744.2	3	3	0	1	1	1	0	1	1
HMVL	Hindustan Media Ventures Limited	569.3	10	7	4	98,881.9	5	5	2	1	1	1	1	1	1
SNOWMAN	Snowman Logistics Limited	570.4	5	6	1	15,880.1	2	1	2	1	1	1	1	1	1
MAZDA	Mazda Limited	577	1	1	0	23,590.8	1	1	0	0	1	1	0	0	0
CHEMBONDCH	Chembond Chemicals Limited	580.5	4	4	1	17,747.1	1	1	3	1	1	1	1	1	1
HITECHCORP	Hitech Corporation Limited	584.4	3	3	0	2,30,745.7	2	2	0	0	1	1	0	1	1
PPL	Prakash Pipes Limited	587.3	2	5	0	2,125.5	0	0	0	0	0	0	0	1	1
DHUNINV	Dhunseri Investments Limited	589.8	10	5	4	87,604.06	4	3	3	1	1	1	1	1	1
GLOSTERLTD	Gloster Limited	589.8	3	2	1	5,161.5	1	0	0	1	1	0	0	1	1
MOLDTECH	Mold-Tek Technologies Limited	589.9	2	7	1	2,189.3	0	0	0	1	0	0	0	1	1
SAURASHCEM	Saurashtra Cement Limited	594	1	2	0	3,091.6	0	0	0	0	0	0	0	0	1
CCCL	Consolidated Construction Consortium Limited	594.2	3	2	1	26,686.83	1	1	1	1	1	1	1	1	1
SUTLEJTEX	Sutlej Textiles and Industries Limited	594.3	9	4	2	33,446.7	3	2	2	1	1	1	1	1	1
SOUTHWEST	South West Pinnacle Exploration Limited	595.2	2	2	0	5,630.4	1	0	0	0	1	0	0	1	1
GANESHCP	Ganesh Consumer Products Limited	601.5	6	2	1	70,618.4	4	3	0	1	1	1	0	1	1
ADSL	Allied Digital Services Limited	602.6	2	1	1	62,046.4	1	1	0	1	1	1	0	1	0
GFLLIMITED	GFL Limited	606.4	6	4	3	1,76,319.9	3	3	3	1	1	1	1	1	1
PRIMO	Primo Chemicals Limited	615.8	4	2	1	16,026.5	1	1	0	1	1	1	0	1	1
BESTAGRO	Best Agrolife Limited	619.6	3	1	1	1,841.1	0	0	0	1	0	0	0	1	0
LAXMIINDIA	Laxmi India Finance Limited	623.6	2	1	1	757.2	0	0	0	1	0	0	0	1	0
ORBTEXP	Orbit Exports Limited	624.2	2	1	1	110.7	0	0	0	1	0	0	0	1	0
GTPL	GTPL Hathway Limited	627.1	6	3	2	62,046.4	2	1	0	1	1	1	0	1	1
PRAVEG	Praveg Limited	627.4	1	2	0	6,907.4	1	0	0	0	1	0	0	0	1
ECOSMOBLTY	Ecos (India) Mobility & Hospitality Limited	630.1	3	2	1	1,005.8	0	0	0	1	0	0	0	1	1
UGARSUGAR	The Ugar Sugar Works Limited	630.5	4	6	2	72,983.6	2	2	0	1	1	1	0	1	1
FABTECH	Fabtech Technologies Limited	631.3	6	5	1	16,089.6	2	2	0	1	1	1	0	1	1
STCINDIA	The State Trading Corporation of India Limited	635.8	3	5	2	1,46,594.9	2	1	0	1	1	1	0	1	1
BIRLAMONEY	Aditya Birla Money Limited	637.5	5	2	1	106774	5	4	0	1	1	1	0	1	1
SHIVALIK	Shivalik Rasayan Limited	638.6	1	10	0	432.7	0	0	0	0	0	0	0	0	1
ONWARDTEC	Onward Technologies Limited	639.1	6	2	2	16,225.3	1	1	0	1	1	1	0	1	1
PVSL	Popular Vehicles and Services Limited	640.8	6	3	2	1,61,607.71	6	5	0	1	1	1	0	1	1
ZFSTEERING	ZF Steering Gear (India) Limited	642.8	2	2	0	6,966.6	1	0	0	0	1	0	0	1	1
KELLTONTEC	Kellton Tech Solutions Limited	655.5	4	2	1	498.1	0	0	0	1	0	0	0	1	1
SHALPAINTS	Shalimar Paints Limited	657.2	5	1	1	57,787.72	1	1	1	1	1	1	1	1	0
DPSCLTD	DPSC Limited	662.2	3	2	1	3395	0	0	0	1	0	0	0	1	1
BLAL	Beml Land Assets Limited	663.8	1	2	0	16,343.8	1	1	0	0	1	1	0	0	1
XCHANGING	Xchanging Solutions Limited	665.1	2	1	1	1,087.1	0	0	0	1	0	0	0	1	0
SUNLITE	Sunlite Recycling Industries Limited	665.37	2	1	1	121.2	0	0	0	1	0	0	0	1	0
ADVENTHTL	Advent Hotels International Limited	667.7	5	4	2	98,856.5	5	2	0	1	1	1	0	1	1
VALIANTLAB	Valiant Laboratories Limited	671.3	2	3	0	1,337.7	0	0	1	0	0	0	1	1	1
BAJAJINDEF	Indef Manufacturing Limited	672	12	6	6	1,76,319.9	4	4	4	1	1	1	1	1	1
ATL	Allcargo Terminals Limited	674.2	4	5	2	62,063.3	2	2	1	1	1	1	1	1	1
TREL	Transindia Real Estate Limited	676.9	5	4	2	4,995.9	0	0	0	1	0	0	0	1	1
ASAL	Automotive Stampings and Assemblies Limited	677.3	3	2	1	88,812.62	3	2	1	1	1	1	1	1	1
RAJPALAYAM	RAJAPALAYAM MILLS LIMITED	680.5	5	6	3	21,243.87	2	1	1	1	1	1	1	1	1
SATIA	Satia Industries Ltd	685	4	1	1	8,863.3	2	0	0	1	1	0	0	1	0
HERANBA	Heranba Industries Limited	686.6	2	2	0	2,121.5	0	0	0	0	0	0	0	1	1
LOTUSCHO	Lotus Chocolate Company Ltd	689.6	2	2	1	5555	1	0	0	1	1	0	0	1	1
RNFI	RNFI Services Limited	690.42	5	3	2	33,021.34	1	1	0	1	1	1	0	1	1
DCMSIL	DCM Shriram International Limited	695.9	11	6	4	34,365.43	3	2	3	1	1	1	1	1	1
JITFINFRA	JITF Infralogistics Limited	696.6	2	3	0	17,234.9	1	1	0	0	1	1	0	1	1
KAMATHOTEL	Kamat Hotels (I) Limited	700	2	2	0	761.1	0	0	0	0	0	0	0	1	1
EMAMIPAP	Emami Paper Mills Limited	706.9	12	5	3	16,069.9	6	4	3	1	1	1	1	1	1
MANAKSTEEL	Manaksia Steels Limited	713.6	1	5	0	392.2	0	0	0	0	0	0	0	0	1
GICHSGFIN	GIC Housing Finance Limited	715.6	4	4	0	59,254.9	3	3	2	0	1	1	1	1	1
BORANA	Borana Weaves Limited	719.7	2	5	1	23084	1	1	0	1	1	1	0	1	1
MAGADSUGAR	Magadh Sugar & Energy Limited	721.1	7	4	2	15998	1	1	1	1	1	1	1	1	1
SALASAR	Salasar Techno Engineering Limited	721.9	3	2	1	1,841.1	0	0	0	1	0	0	0	1	1
VISAKAIND	Visaka Industries Limited	722.2	2	2	0	14,175.9	2	1	0	0	1	1	0	1	1
VLSFINANCE	VLS Finance Limited	724.4	2	2	0	16816	1	1	0	0	1	1	0	1	1
MEIL	Mangal Electrical Industries Limited	729.4	1	3	0	2074	0	0	0	0	0	0	0	0	1
AMANTA	Amanta Healthcare Limited	739.3	1	1	0	15,100.8	1	1	0	0	1	1	0	0	0
SPECIALITY	Speciality Restaurants Limited	740.4	5	3	2	26,316.7	3	3	0	1	1	1	0	1	1
TVSELECT	TVS Electronics Limited	741.7	3	3	0	88,389.8	3	3	2	0	1	1	1	1	1
EVERESTIND	Everest Industries Limited	744.4	15	4	4	1,05,199.08	7	6	5	1	1	1	1	1	1
KOTHARIPET	Kothari Petrochemicals Ltd.	744.9	3	4	1	7,160.21	1	0	0	1	1	0	0	1	1
QUICKHEAL	Quick Heal Technologies Limited	746.3	5	1	1	9,884.4	1	0	0	1	1	0	0	1	0
SANDESH	The Sandesh Limited	749.4	7	3	2	67,269.9	4	1	0	1	1	1	0	1	1
TRANSPEK	TRANSPEK INDUSTRY LIMITED	753.5	7	6	2	21,646.9	3	2	2	1	1	1	1	1	1
VASCONEQ	Vascon Engineers Limited	756.8	4	1	1	8,191.6	2	0	0	1	1	0	0	1	0
ADVANCE	Advance Agrolife Limited	757.2	3	2	1	3,544.3	0	0	0	1	0	0	0	1	1
SADHNANIQ	Sadhana Nitrochem Limited	761.1	2	2	0	700	0	0	0	0	0	0	0	1	1
PRECOT	Precot Limited	766	2	2	0	8,952.2	2	0	0	0	1	0	0	1	1
NDTV	New Delhi Television Limited	767.2	7	3	2	98,881.9	7	5	0	1	1	1	0	1	1
20MICRONS	20 Microns Limited	767.8	8	3	1	58,744.2	4	2	0	1	1	1	0	1	1
NCLIND	NCL Industries Limited	769.1	1	1	0	8,165.8	1	0	0	0	1	0	0	0	0
SEJALLTD	Sejal Glass Limited	769.7	6	3	2	16,089.6	1	1	0	1	1	1	0	1	1
DWARKESH	Dwarikesh Sugar Industries Limited	777.5	2	2	0	12,974.6	1	1	0	0	1	1	0	1	1
GEECEE	GeeCee Ventures Limited	780.6	4	4	1	8,288.1	1	0	0	1	1	0	0	1	1
RBZJEWEL	RBZ Jewellers Limited	787.5	2	2	0	601.5	0	0	0	0	0	0	0	1	1
RITCO	Ritco Logistics Limited	787.8	2	2	0	633.7	0	0	0	0	0	0	0	1	1
ORICONENT	Oricon Enterprises Limited	789.6	3	2	1	1363	0	0	0	1	0	0	0	1	1
DBOL	Dhampur Bio Organics Limited	797.4	2	1	1	3,062.1	0	0	0	1	0	0	0	1	0
KECL	Kirloskar Electric Company Limited	799.8	3	3	0	6,738.9	1	0	0	0	1	0	0	1	1
HIMATSEIDE	Himatsingka Seide Limited	806.6	3	2	1	6936	1	0	0	1	1	0	0	1	1
PROZONER	Prozone Realty Limited	808.5	5	1	1	33,328.13	2	2	0	1	1	1	0	1	0
RADHIKAJWE	Radhika Jeweltech Limited	814.8	2	1	1	24,835.7	2	1	0	1	1	1	0	1	0
STERTOOLS	Sterling Tools Limited	815.1	6	3	2	67,274.9	3	3	1	1	1	1	1	1	1
ROHLTD	Royal Orchid Hotels Limited	819.1	2	1	1	6,908.1	1	0	0	1	1	0	0	1	0
MAFATIND	Mafatlal Industries Limited	825.6	10	7	2	68,996.1	4	3	3	1	1	1	1	1	1
KANORICHEM	Kanoria Chemicals & Industries Limited	825.9	6	4	2	2,84,831.31	2	1	0	1	1	1	0	1	1
HALDYNGL	Haldyn Glass Limited	827.8	2	1	1	3,78,967.2	1	1	0	1	1	1	0	1	0
BEEKAY	Beekay Steel Inds. Limited	829.6	2	3	0	1,843.2	0	0	0	0	0	0	0	1	1
FAIRCHEMOR	Fairchem Organics Limited	833.8	11	5	4	1,20,498.96	4	1	0	1	1	1	0	1	1
ZUARIIND	ZUARI INDUSTRIES LIMITED	839.4	8	7	4	37,920.6	5	3	1	1	1	1	1	1	1
WAAREEINDO	Indosolar Limited	842.9	5	5	3	70,618.4	4	3	1	1	1	1	1	1	1
SUDARCOLOR	Sudarshan Colorants India Limited	849.6	16	6	4	1,54,497.2	7	3	6	1	1	1	1	1	1
PRADPME	Pradeep Metals Limited	854.9	2	2	0	82,709.2	2	1	0	0	1	1	0	1	1
HEXATRADEX	Hexa Tradex Limited	856.6	3	3	1	17,234.9	1	1	0	1	1	1	0	1	1
ANUHPHR	Anuh Pharma Limited	860.4	6	3	2	8,288.1	4	0	0	1	1	0	0	1	1
REGAAL	Regaal Resources Limited	877.5	1	1	0	16,531.9	1	1	0	0	1	1	0	0	0
HEALTHX	Sastasundar Ventures Limited	890.7	2	1	1	2,982.7	0	0	0	1	0	0	0	1	0
MCCHRLS-B	Mac Charles India Limited	890.7	2	2	0	70,252.1	2	1	0	0	1	1	0	1	1
CONSOFINVT	Consolidated Finvest & Holdings Limited	903.8	4	5	3	2,882.9	0	0	0	1	0	0	0	1	1
SVLL	Shree Vasu Logistics Limited	908	2	2	0	27,821.7	1	1	0	0	1	1	0	1	1
ZUARI	Zuari Agro Chemicals Limited	908.5	5	5	3	15998	3	2	0	1	1	1	0	1	1
PDMJEPAPER	Pudumjee Paper Products Limited	911.5	6	5	3	14,134.2	1	1	0	1	1	1	0	1	1
JARO	Jaro Institute of Technology Management and Research Limited	912	3	1	1	8,874.84	2	0	0	1	1	0	0	1	0
GKWLIMITED	GKW Limited	912.9	10	3	3	15,359.5	4	2	0	1	1	1	0	1	1
MAXIND	Max India Limited	918	4	3	2	48951	4	2	0	1	1	1	0	1	1
NAHARSPING	Nahar Spinning Mills Limited	921.5	4	10	9	1,083.9	0	0	0	1	0	0	0	1	1
MADRASFERT	Madras Fertilizers Limited	925.7	1	2	0	21,681.5	1	1	0	0	1	1	0	0	1
UNIECOM	Unicommerce Esolutions Limited	932.4	7	3	1	52,659.7	5	3	0	1	1	1	0	1	1
SALZERELEC	Salzer Electronics Limited	938.8	2	2	0	28,697.3	1	1	0	0	1	1	0	1	1
CENTRUM	Centrum Capital Limited	948.5	12	5	3	57,787.72	5	3	0	1	1	1	0	1	1
RAJOOENG	Rajoo Engineers Limited	950.7	1	2	0	302.91	0	0	0	0	0	0	0	0	1
RSWM	RSWM Limited	952.4	14	7	6	14,000.5	4	2	0	1	1	1	0	1	1
SGIL	Synergy Green Industries Limited	952.8	2	5	1	948.5	0	0	0	1	0	0	0	1	1
WCIL	Western Carriers (India) Limited	955.5	3	2	1	29,744.8	2	2	0	1	1	1	0	1	1
JPOLYINVST	Jindal Poly Investment and Finance Company Limited	956.6	3	3	2	2,882.9	0	0	0	1	0	0	0	1	1
TEJASCARGO	Tejas Cargo India Limited	960.49	2	1	1	1,005.8	0	0	0	1	0	0	0	1	0
WEL	Wonder Electricals Limited	962	2	1	1	249.4	0	0	0	1	0	0	0	1	0
OCCLLTD	OCCL Limited	966.5	4	1	1	952.4	0	0	0	1	0	0	0	1	0
ARIHANTCAP	Arihant Capital Markets Limited	971.1	2	1	1	62,046.4	1	1	0	1	1	1	0	1	0
DVL	Dhunseri Ventures Limited	976.1	6	7	3	87,604.06	2	2	1	1	1	1	1	1	1
BUTTERFLY	Butterfly Gandhimathi Appliances Limited	984.3	2	2	1	16,226.65	2	1	0	1	1	1	0	1	1
SHREDIGCEM	Shree Digvijay Cement Co.Ltd	986.4	1	2	0	484.3	0	0	0	0	0	0	0	0	1
SEPC	SEPC Limited	987.2	2	2	0	361.6	0	0	0	0	0	0	0	1	1
CONTROLPR	Control Print Limited	988.4	5	4	1	3616	0	0	0	1	0	0	0	1	1
INDOAMIN	Indo Amines Limited	991	2	1	1	8,288.1	1	0	0	1	1	0	0	1	0
ESTER	Ester Industries Limited	991.8	2	2	0	8,811.4	1	0	0	0	1	0	0	1	1
